var hq_str_sz000001="平安银行,15.41,15.36,14.89,15.55,14.60,14.88,14.89,247025090,3714889569.29,747300,14.88,620094,14.87,231500,14.86,747816,14.85,109200,14.84,616418,14.89,281360,14.90,175110,14.91,143200,14.92,137900,14.93,2014-12-18,15:05:53,00";
var hq_str_sz000002="万  科Ａ,12.01,11.93,11.62,12.28,11.55,11.62,11.63,241689311,2874781752.71,829132,11.62,265291,11.61,566000,11.60,258700,11.59,796227,11.58,688700,11.63,232342,11.64,586576,11.65,53800,11.66,37100,11.67,2014-12-18,15:05:53,00";
var hq_str_sz000009="中国宝安,13.84,13.84,13.84,14.15,13.80,13.84,13.85,33488491,467991512.60,66720,13.84,100848,13.83,132500,13.82,607800,13.81,353100,13.80,36300,13.85,58791,13.86,58300,13.87,35099,13.88,645900,13.89,2014-12-18,15:05:53,00";
var hq_str_sz000024="招商地产,21.92,21.14,21.22,22.54,21.00,21.21,21.22,94973037,2064627988.52,153975,21.21,17100,21.20,2200,21.19,39379,21.18,64700,21.17,48328,21.22,5000,21.23,40100,21.24,68600,21.25,14481,21.26,2014-12-18,15:05:53,00";
var hq_str_sz000027="深圳能源,11.88,11.86,11.64,11.90,11.62,11.63,11.64,31890810,373591900.06,80977,11.63,115674,11.62,116200,11.61,398100,11.60,34600,11.59,38681,11.64,145763,11.65,81480,11.66,22300,11.67,126000,11.68,2014-12-18,15:05:53,00";
var hq_str_sz000039="中集集团,23.65,23.30,22.71,23.90,22.57,22.71,22.72,43665137,1005686812.91,88144,22.71,173300,22.70,153863,22.69,158400,22.68,27600,22.67,14100,22.72,3900,22.73,3900,22.74,15043,22.75,17300,22.76,2014-12-18,15:05:53,00";
var hq_str_sz000060="中金岭南,9.70,9.71,9.77,10.14,9.62,9.77,9.78,55498165,551586075.73,234131,9.77,10400,9.76,69500,9.75,149447,9.74,120324,9.73,73950,9.78,67500,9.79,105050,9.80,114200,9.81,210917,9.82,2014-12-18,15:05:53,00";
var hq_str_sz000061="农 产 品,11.67,11.66,12.37,12.43,11.67,12.36,12.37,53536940,644361357.54,827900,12.36,143492,12.35,43300,12.34,127900,12.33,106200,12.32,182540,12.37,635783,12.38,163600,12.39,704340,12.40,59700,12.41,2014-12-18,15:05:53,00";
var hq_str_sz000063="中兴通讯,19.19,19.10,18.81,19.37,18.68,18.81,18.82,187049761,3550734367.67,273372,18.81,653300,18.80,195767,18.79,177566,18.78,223600,18.77,5620,18.82,34700,18.83,869568,18.84,26900,18.85,7100,18.86,2014-12-18,15:05:53,00";
var hq_str_sz000069="华侨城Ａ,6.98,6.98,6.86,7.17,6.81,6.86,6.87,122494399,851914389.02,87363,6.86,181739,6.85,84400,6.84,336309,6.83,280900,6.82,101910,6.87,408158,6.88,436699,6.89,352932,6.90,86200,6.91,2014-12-18,15:05:53,00";
var hq_str_sz000100="TCL 集团,3.71,3.74,3.81,3.84,3.68,3.81,3.82,391955454,1469929868.81,602208,3.81,3009255,3.80,2526600,3.79,2711600,3.78,3563300,3.77,6644450,3.82,8485241,3.83,5739450,3.84,8630251,3.85,2916592,3.86,2014-12-18,15:05:53,00";
var hq_str_sz000156="华数传媒,30.75,29.76,29.80,30.75,29.80,29.79,29.80,3737513,112730053.54,1800,29.79,2300,29.78,11600,29.77,2200,29.76,1200,29.75,13867,29.80,5300,29.81,1800,29.82,3500,29.84,25100,29.85,2014-12-18,15:05:53,00";
var hq_str_sz000157="中联重科,6.13,6.17,6.22,6.36,6.10,6.21,6.22,263303019,1648267645.82,1588619,6.21,1340127,6.20,415800,6.19,612400,6.18,503900,6.17,1996520,6.22,250115,6.23,709753,6.24,1151474,6.25,931978,6.26,2014-12-18,15:05:53,00";
var hq_str_sz000333="美的集团,25.47,25.47,27.90,28.00,25.40,27.89,27.90,79474729,2153946495.16,89200,27.89,56700,27.88,21600,27.87,5400,27.86,9000,27.85,598095,27.90,42388,27.91,22725,27.92,11300,27.93,38367,27.94,2014-12-18,15:05:53,00";
var hq_str_sz000338="潍柴动力,25.50,25.44,26.58,26.68,25.50,26.58,26.59,45851047,1206798287.89,128558,26.58,28400,26.57,500,26.56,355800,26.55,328500,26.54,183563,26.59,410640,26.60,31300,26.61,66600,26.62,36800,26.63,2014-12-18,15:05:53,00";
var hq_str_sz000400="许继电气,21.01,21.01,21.20,21.52,21.01,21.20,21.21,18792574,399772337.78,72727,21.20,47193,21.19,28325,21.18,26200,21.17,66900,21.16,36519,21.21,28250,21.22,10785,21.23,27200,21.24,36300,21.25,2014-12-18,15:05:53,00";
var hq_str_sz000401="冀东水泥,10.97,10.97,11.00,11.20,10.90,11.00,11.01,12460270,137744003.67,82555,11.00,30287,10.99,43216,10.98,27259,10.97,24200,10.96,53645,11.01,16700,11.02,19400,11.03,7700,11.04,20300,11.05,2014-12-18,15:05:53,00";
var hq_str_sz000402="金 融 街,10.66,10.66,10.16,10.78,10.08,10.16,10.17,64363317,665616801.18,52894,10.16,176337,10.15,299949,10.14,107400,10.13,136775,10.12,24310,10.17,56431,10.18,14800,10.19,87163,10.20,66608,10.21,2014-12-18,15:05:53,00";
var hq_str_sz000413="东旭光电,0.00,7.67,0.00,0.00,0,0.00,0.00,0,0.00,0,0.00,0,0.00,0,0.00,0,0.00,0,0.00,0,0.00,0,0.00,0,0.00,0,0.00,0,0.00,2014-12-18,15:05:53,03";
var hq_str_sz000423="东阿阿胶,36.76,36.82,36.55,37.08,36.51,36.55,36.56,9058798,332952457.44,80640,36.55,8033,36.54,4800,36.53,10700,36.52,36458,36.51,5600,36.56,5131,36.57,9100,36.60,400,36.61,22000,36.63,2014-12-18,15:05:53,00";
var hq_str_sz000425="徐工机械,13.40,13.33,13.72,13.98,13.40,13.72,13.73,72349908,994809680.56,212600,13.72,25900,13.71,182764,13.70,42984,13.69,64700,13.68,37700,13.73,11200,13.74,50500,13.75,28600,13.76,4700,13.77,2014-12-18,15:05:53,00";
var hq_str_sz000503="海虹控股,32.19,32.23,33.61,34.18,32.03,33.61,33.62,21923921,734530093.02,966,33.61,9800,33.60,500,33.59,1100,33.53,700,33.50,86433,33.62,46500,33.63,26100,33.64,17900,33.65,21700,33.68,2014-12-18,15:05:53,00";
var hq_str_sz000536="华映科技,18.00,18.12,17.98,18.27,17.92,17.98,17.99,7090727,128382539.76,91408,17.98,21800,17.97,119300,17.96,163700,17.95,5036,17.94,40000,17.99,6500,18.00,11800,18.01,27151,18.02,1600,18.03,2014-12-18,15:05:53,00";
var hq_str_sz000538="云南白药,58.80,58.80,59.88,60.30,58.40,59.87,59.88,12972874,773891790.65,8400,59.87,100,59.86,37281,59.85,200,59.78,300,59.77,61827,59.88,13800,59.89,43300,59.90,500,59.91,2000,59.92,2014-12-18,15:05:53,00";
var hq_str_sz000559="万向钱潮,15.37,15.39,14.95,15.89,14.88,14.94,14.95,65904309,1014787670.50,61100,14.94,33900,14.93,31800,14.92,72400,14.91,440600,14.90,555530,14.95,53100,14.96,133400,14.97,465659,14.98,385049,14.99,2014-12-18,15:05:53,00";
var hq_str_sz000562="宏源证券,0.00,30.50,0.00,0.00,0,0.00,0.00,0,0.00,0,0.00,0,0.00,0,0.00,0,0.00,0,0.00,0,0.00,0,0.00,0,0.00,0,0.00,0,0.00,2014-12-18,15:05:53,03";
var hq_str_sz000568="泸州老窖,20.00,20.06,19.78,20.28,19.70,19.78,19.79,19636334,392358648.90,90930,19.78,17300,19.77,51839,19.76,41400,19.75,4800,19.74,14400,19.79,55600,19.80,2700,19.81,5800,19.82,1900,19.83,2014-12-18,15:05:53,00";
var hq_str_sz000581="威孚高科,28.02,28.01,27.84,28.44,27.53,27.84,27.85,12398102,346721545.97,52947,27.84,367,27.83,4700,27.82,12200,27.81,7600,27.80,20950,27.85,13501,27.86,300,27.87,18600,27.88,11700,27.89,2014-12-18,15:05:53,00";
var hq_str_sz000598="兴蓉投资,7.13,7.12,7.34,7.66,7.12,7.33,7.34,222984997,1659294403.07,657100,7.33,489221,7.32,296232,7.31,557900,7.30,197500,7.29,847695,7.34,832522,7.35,301200,7.36,258200,7.37,156084,7.38,2014-12-18,15:05:53,00";
var hq_str_sz000623="吉林敖东,35.00,36.40,33.95,35.78,33.89,33.94,33.95,48882043,1699481072.38,2300,33.94,2800,33.93,11200,33.92,117500,33.91,117515,33.90,3454,33.95,13100,33.96,12400,33.97,8013,33.98,8000,33.99,2014-12-18,15:05:53,00";
var hq_str_sz000625="长安汽车,17.02,17.30,16.80,17.30,16.80,16.79,16.80,35080362,595380151.21,12100,16.79,60400,16.78,61600,16.77,7900,16.76,63900,16.75,148502,16.80,20300,16.81,102700,16.82,2500,16.83,108300,16.84,2014-12-18,15:05:53,00";
var hq_str_sz000629="攀钢钒钛,3.43,3.46,3.42,3.50,3.41,3.41,3.42,154585907,534132615.74,2391167,3.41,3107800,3.40,1187700,3.39,1001600,3.38,276500,3.37,916250,3.42,1333478,3.43,1112400,3.44,1006900,3.45,1073061,3.46,2014-12-18,15:05:53,00";
var hq_str_sz000630="铜陵有色,14.58,14.77,15.17,15.85,14.57,15.17,15.18,71518085,1100479350.59,44041,15.17,25100,15.16,118000,15.15,17500,15.14,83100,15.13,131770,15.18,64800,15.19,117900,15.20,21100,15.21,26181,15.22,2014-12-18,15:05:53,00";
var hq_str_sz000651="格力电器,36.34,36.25,37.44,37.78,36.05,37.44,37.45,46361610,1713811725.95,81225,37.44,300,37.42,1900,37.41,3800,37.40,600,37.38,56700,37.45,1300,37.46,12100,37.48,34600,37.49,95528,37.50,2014-12-18,15:05:53,00";
var hq_str_sz000686="东北证券,20.00,20.86,18.96,20.50,18.92,18.96,18.97,108091023,2123311369.70,620650,18.96,241200,18.95,48910,18.94,93100,18.93,100800,18.92,514655,18.97,91800,18.98,40200,18.99,253800,19.00,31900,19.01,2014-12-18,15:05:53,00";
var hq_str_sz000709="河北钢铁,3.82,3.82,3.83,3.94,3.79,3.82,3.83,190982479,737883739.56,1933190,3.82,1673532,3.81,2732900,3.80,699100,3.79,1078100,3.78,901613,3.83,1101990,3.84,1036056,3.85,270558,3.86,694957,3.87,2014-12-18,15:05:53,00";
var hq_str_sz000725="京东方Ａ,3.14,3.16,3.19,3.19,3.13,3.18,3.19,304757883,964306309.11,5402996,3.18,3113800,3.17,2839700,3.16,5304176,3.15,5773600,3.14,2822484,3.19,8981188,3.20,4692880,3.21,4130220,3.22,4166880,3.23,2014-12-18,15:05:53,00";
var hq_str_sz000728="国元证券,28.70,29.80,27.18,28.99,27.04,27.17,27.18,93619177,2632346117.93,6300,27.17,142900,27.16,52800,27.15,21800,27.14,31700,27.13,239041,27.18,487000,27.19,82800,27.20,122400,27.21,49104,27.22,2014-12-18,15:05:53,00";
var hq_str_sz000729="燕京啤酒,7.93,7.97,7.97,8.00,7.89,7.96,7.97,12130423,96411770.04,28500,7.96,84400,7.95,36591,7.94,103400,7.93,47100,7.92,63990,7.97,154500,7.98,111001,7.99,206880,8.00,31224,8.01,2014-12-18,15:05:53,00";
var hq_str_sz000750="国海证券,18.59,19.25,17.50,18.88,17.40,17.50,17.51,129337347,2348720130.31,1098224,17.50,81400,17.49,63400,17.48,16600,17.47,52200,17.46,180470,17.51,225852,17.52,261350,17.53,71700,17.54,185942,17.55,2014-12-18,15:05:53,00";
var hq_str_sz000768="中航飞机,17.84,17.84,19.33,19.62,17.84,19.33,19.34,131037348,2506519981.49,198323,19.33,84442,19.32,41700,19.31,175932,19.30,35690,19.29,156500,19.34,224840,19.35,37388,19.36,13400,19.37,44800,19.38,2014-12-18,15:05:53,00";
var hq_str_sz000776="广发证券,27.27,28.30,25.84,27.71,25.48,25.83,25.84,206339699,5506602954.17,24900,25.83,163100,25.82,91200,25.81,537600,25.80,61900,25.79,165408,25.84,81900,25.85,33859,25.86,6400,25.87,22300,25.88,2014-12-18,15:05:53,00";
var hq_str_sz000778="新兴铸管,5.65,5.68,5.74,5.80,5.63,5.74,5.75,106769314,612635605.48,173431,5.74,52600,5.73,405400,5.72,632800,5.71,1011100,5.70,778752,5.75,562884,5.76,684642,5.77,1635360,5.78,1082150,5.79,2014-12-18,15:05:53,00";
var hq_str_sz000783="长江证券,17.86,18.49,17.35,18.27,17.21,17.34,17.35,414162002,7363963975.03,478200,17.34,188000,17.33,160900,17.32,358154,17.31,867500,17.30,1019958,17.35,719100,17.36,180826,17.37,277900,17.38,55300,17.39,2014-12-18,15:05:53,00";
var hq_str_sz000792="盐湖股份,23.36,23.36,22.77,23.36,22.64,22.76,22.77,17713675,405579018.15,32919,22.76,26000,22.75,15800,22.74,4900,22.73,5300,22.72,13704,22.77,22801,22.78,5300,22.79,117141,22.80,34900,22.81,2014-12-18,15:05:53,00";
var hq_str_sz000793="华闻传媒,12.25,12.29,12.33,12.52,12.24,12.32,12.33,30871000,381888838.11,79133,12.32,6101,12.31,94600,12.30,30664,12.29,86100,12.28,79700,12.33,12600,12.34,51546,12.35,66366,12.36,80100,12.37,2014-12-18,15:05:53,00";
var hq_str_sz000800="一汽轿车,16.00,15.70,16.02,16.60,15.70,16.01,16.02,95797253,1550121231.46,469500,16.01,126108,16.00,34833,15.99,112500,15.98,306000,15.97,44210,16.02,62200,16.03,114452,16.04,92550,16.05,24400,16.06,2014-12-18,15:05:53,00";
var hq_str_sz000825="太钢不锈,5.21,5.21,5.32,5.40,5.21,5.31,5.32,110735886,588852295.92,98930,5.31,725200,5.30,301500,5.29,101500,5.28,63400,5.27,779266,5.32,925351,5.33,426500,5.34,620214,5.35,265250,5.36,2014-12-18,15:05:53,00";
var hq_str_sz000826="桑德环境,28.28,28.52,28.58,30.10,28.12,28.58,28.59,32296128,945678319.94,116347,28.58,28767,28.57,25000,28.56,13300,28.55,1300,28.54,13500,28.59,25565,28.60,4700,28.61,4000,28.62,8050,28.63,2014-12-18,15:05:53,00";
var hq_str_sz000831="五矿稀土,25.19,25.13,27.64,27.64,25.15,27.64,0.00,85453767,2329331694.14,370267,27.64,9700,27.63,12040,27.62,20200,27.61,12500,27.60,0,0.00,0,0.00,0,0.00,0,0.00,0,0.00,2014-12-18,15:05:53,00";
var hq_str_sz000839="中信国安,10.96,11.03,11.02,11.29,10.91,11.02,11.03,30408402,337541596.39,130690,11.02,171800,11.01,222500,11.00,17800,10.99,161900,10.98,29809,11.03,50200,11.04,13200,11.05,37226,11.06,4500,11.07,2014-12-18,15:05:53,00";
var hq_str_sz000858="五 粮 液,19.95,19.98,19.96,20.24,19.88,19.96,19.97,42076821,842179761.26,213697,19.96,281250,19.95,133684,19.94,110730,19.93,160400,19.92,31185,19.97,124200,19.98,53329,19.99,123600,20.00,68100,20.01,2014-12-18,15:05:53,00";
var hq_str_sz000869="张  裕Ａ,32.91,32.89,33.00,33.36,32.80,32.99,33.00,3265661,107968208.37,700,32.99,500,32.98,3413,32.97,1433,32.96,3700,32.95,10351,33.00,400,33.01,1100,33.03,40100,33.04,10200,33.05,2014-12-18,15:05:53,00";
var hq_str_sz000876="新 希 望,15.36,15.49,15.20,15.40,15.03,15.19,15.20,41295357,626188910.23,30500,15.19,37400,15.18,20062,15.17,62500,15.16,47555,15.15,11600,15.20,107201,15.21,69900,15.22,43700,15.23,78900,15.24,2014-12-18,15:05:53,00";
var hq_str_sz000878="云南铜业,14.47,14.47,14.69,15.25,14.36,14.68,14.69,40333524,601676303.56,7000,14.68,5200,14.67,2600,14.66,39800,14.65,11800,14.64,90749,14.69,122800,14.70,8100,14.71,13605,14.72,48400,14.73,2014-12-18,15:05:53,00";
var hq_str_sz000883="湖北能源,0.00,6.43,0.00,0.00,0,0.00,0.00,0,0.00,0,0.00,0,0.00,0,0.00,0,0.00,0,0.00,0,0.00,0,0.00,0,0.00,0,0.00,0,0.00,2014-12-18,15:05:53,03";
var hq_str_sz000895="双汇发展,30.15,30.10,30.11,30.42,30.08,30.11,30.12,18866324,570519189.93,108676,30.11,75200,30.10,35709,30.09,30400,30.08,19000,30.07,43800,30.12,8200,30.13,15300,30.14,17954,30.15,3050,30.16,2014-12-18,15:05:53,00";
var hq_str_sz000898="鞍钢股份,5.89,5.85,5.81,5.98,5.76,5.81,5.82,70732292,415706068.74,26700,5.81,295006,5.80,192400,5.79,299424,5.78,172000,5.77,269028,5.82,7500,5.83,55300,5.84,466300,5.85,192500,5.86,2014-12-18,15:05:53,00";
var hq_str_sz000917="电广传媒,18.90,18.32,18.49,18.99,18.39,18.48,18.49,33137923,616451159.88,24800,18.48,60800,18.47,8600,18.46,34000,18.45,3500,18.44,98804,18.49,99628,18.50,13800,18.51,6500,18.52,47800,18.53,2014-12-18,15:05:53,00";
var hq_str_sz000937="冀中能源,8.34,8.37,8.34,8.55,8.22,8.34,8.35,32635316,274928576.55,53200,8.34,166500,8.33,57400,8.32,101000,8.31,312572,8.30,71600,8.35,69100,8.36,227500,8.37,92900,8.38,294747,8.39,2014-12-18,15:05:53,00";
var hq_str_sz000960="锡业股份,18.10,18.40,18.27,18.90,17.58,18.26,18.27,17669913,326665458.20,23800,18.26,26000,18.25,13100,18.24,27873,18.23,2200,18.22,37906,18.27,44138,18.28,7800,18.29,49515,18.30,33290,18.31,2014-12-18,15:05:53,00";
var hq_str_sz000963="华东医药,54.15,54.61,54.19,55.58,53.73,54.19,54.20,1385965,75818785.99,1233,54.19,100,54.17,500,54.16,1400,54.15,1300,54.12,3000,54.20,300,54.25,1100,54.26,400,54.29,1100,54.30,2014-12-18,15:05:53,00";
var hq_str_sz000970="中科三环,16.68,16.60,17.19,17.59,16.54,17.19,17.20,46064830,790992713.12,223990,17.19,25100,17.18,6800,17.17,13700,17.16,13200,17.15,40700,17.20,27511,17.21,38100,17.22,70920,17.23,93500,17.24,2014-12-18,15:05:53,00";
var hq_str_sz000983="西山煤电,7.60,7.59,7.61,7.83,7.50,7.61,7.62,49016907,376558804.20,230489,7.61,377580,7.60,197560,7.59,224300,7.58,50200,7.57,313410,7.62,229720,7.63,35000,7.64,136100,7.65,58250,7.66,2014-12-18,15:05:53,00";
var hq_str_sz000999="华润三九,22.44,22.44,22.45,22.62,22.30,22.45,22.46,6744431,151514733.86,62667,22.45,41295,22.44,34400,22.43,12975,22.42,15300,22.41,30741,22.46,7000,22.47,11186,22.48,5100,22.49,10300,22.50,2014-12-18,15:05:53,00";
var hq_str_sz002001="新 和 成,15.58,15.59,15.52,15.71,15.45,15.51,15.52,14149127,220653675.47,91039,15.51,162000,15.50,100396,15.49,77400,15.48,27300,15.47,12673,15.52,74139,15.53,21800,15.54,38800,15.55,116000,15.56,2014-12-18,15:05:53,00";
var hq_str_sz002007="华兰生物,35.53,35.50,35.06,35.90,35.01,35.06,35.07,7096320,251293073.42,21443,35.06,16359,35.05,400,35.03,10000,35.02,10700,35.01,900,35.07,3100,35.08,15800,35.09,1000,35.10,9015,35.11,2014-12-18,15:05:53,00";
var hq_str_sz002008="大族激光,17.42,17.38,17.31,17.62,17.30,17.31,17.32,25784634,449007138.08,120087,17.31,392391,17.30,147900,17.29,195900,17.28,17100,17.27,10000,17.32,20800,17.33,27309,17.34,53000,17.35,13750,17.36,2014-12-18,15:05:53,00";
var hq_str_sz002024="苏宁云商,9.56,9.36,9.16,9.64,9.14,9.16,9.17,207683731,1940569065.06,800,9.16,550599,9.15,564500,9.14,193000,9.13,199100,9.12,836600,9.17,411380,9.18,468000,9.19,254246,9.20,131400,9.21,2014-12-18,15:05:53,00";
var hq_str_sz002038="双鹭药业,42.32,42.33,42.05,42.60,42.02,42.05,42.06,5437588,229978497.26,9800,42.05,2633,42.04,6900,42.03,8202,42.02,40000,42.01,2000,42.06,5600,42.07,3000,42.08,100,42.09,2500,42.15,2014-12-18,15:05:53,00";
var hq_str_sz002051="中工国际,27.71,27.90,28.24,28.82,27.44,28.23,28.24,20702580,583309399.15,18500,28.23,1500,28.22,8900,28.21,3600,28.20,100,28.19,59883,28.24,15151,28.25,600,28.30,1300,28.32,2700,28.33,2014-12-18,15:05:53,00";
var hq_str_sz002065="东华软件,20.04,20.23,20.78,21.15,20.03,20.77,20.78,34978262,728076503.64,32700,20.77,21200,20.76,21900,20.75,15153,20.74,4900,20.73,18346,20.78,91242,20.79,132200,20.80,18610,20.81,13000,20.82,2014-12-18,15:05:53,00";
var hq_str_sz002081="金 螳 螂,17.48,17.48,17.11,17.48,16.96,17.10,17.11,14307171,245522301.17,21400,17.10,800,17.09,2600,17.08,17500,17.07,12800,17.06,30367,17.11,31321,17.12,5000,17.13,25800,17.14,6550,17.15,2014-12-18,15:05:53,00";
var hq_str_sz002129="中环股份,21.11,21.17,21.27,21.55,21.10,21.27,21.30,5111370,109295190.09,38201,21.27,53233,21.26,30700,21.25,2400,21.23,10100,21.22,4600,21.30,15900,21.32,5400,21.34,6800,21.35,2000,21.36,2014-12-18,15:05:53,00";
var hq_str_sz002142="宁波银行,15.50,15.46,14.89,15.73,14.62,14.88,14.89,147399015,2234379072.76,116100,14.88,33800,14.87,105300,14.86,119100,14.85,8200,14.84,178766,14.89,86300,14.90,13700,14.91,86400,14.92,46600,14.93,2014-12-18,15:05:53,00";
var hq_str_sz002146="荣盛发展,14.99,14.92,14.54,15.21,14.40,14.54,14.55,34242514,504345238.47,41007,14.54,4700,14.53,11400,14.52,41400,14.51,27300,14.50,76800,14.55,192300,14.56,84800,14.57,27693,14.58,30500,14.59,2014-12-18,15:05:53,00";
var hq_str_sz002153="石基信息,87.29,88.00,84.95,88.44,84.51,84.90,84.95,2005797,173022186.18,200,84.90,1700,84.88,1000,84.86,4587,84.85,100,84.82,3832,84.95,2000,84.98,31300,85.00,16386,85.01,500,85.02,2014-12-18,15:05:53,00";
var hq_str_sz002202="金风科技,12.46,12.47,13.18,13.50,12.39,13.18,13.19,87379772,1140039311.05,311745,13.18,89100,13.17,160347,13.16,193700,13.15,22600,13.14,336802,13.19,403940,13.20,56860,13.21,134723,13.22,82280,13.23,2014-12-18,15:05:53,00";
var hq_str_sz002230="科大讯飞,30.29,30.46,30.37,30.73,29.92,30.37,30.38,15956817,482820943.34,8699,30.37,16300,30.36,33900,30.35,1700,30.29,40000,30.25,7400,30.38,20100,30.39,8600,30.40,1500,30.41,300,30.42,2014-12-18,15:05:53,00";
var hq_str_sz002236="大华股份,23.98,23.97,23.72,24.18,23.69,23.72,23.73,15141534,362333126.81,131989,23.72,126300,23.71,151067,23.70,64100,23.69,61700,23.68,15200,23.73,9400,23.74,6000,23.75,1300,23.76,800,23.77,2014-12-18,15:05:53,00";
var hq_str_sz002241="歌尔声学,25.76,25.78,25.72,26.11,25.58,25.72,25.73,12917927,333736297.99,23200,25.72,20200,25.71,24300,25.70,34723,25.69,41600,25.68,19400,25.73,6300,25.74,7300,25.75,2500,25.76,3400,25.77,2014-12-18,15:05:53,00";
var hq_str_sz002252="上海莱士,46.10,46.18,45.53,46.62,45.50,45.53,45.54,3870563,177219338.01,14293,45.53,16600,45.52,18090,45.51,89551,45.50,400,45.49,100,45.54,100,45.58,800,45.59,1410,45.60,200,45.64,2014-12-18,15:05:53,00";
var hq_str_sz002292="奥飞动漫,32.00,32.10,32.08,32.64,31.89,32.00,32.08,3334412,107439273.79,200,32.00,4733,31.99,100,31.98,3270,31.97,3200,31.96,42956,32.08,6000,32.10,10000,32.11,5500,32.12,2000,32.13,2014-12-18,15:05:53,00";
var hq_str_sz002294="信立泰,37.45,37.43,37.19,37.73,36.95,37.19,37.20,3462449,129366958.34,5868,37.19,600,37.18,33800,37.17,1200,37.16,11200,37.15,1402,37.20,700,37.21,1000,37.22,6300,37.23,32400,37.24,2014-12-18,15:05:53,00";
var hq_str_sz002304="洋河股份,67.32,67.65,67.62,68.88,66.98,67.60,67.62,2503992,169374341.05,1500,67.60,3200,67.50,300,67.48,387,67.47,32700,67.45,2100,67.62,1800,67.63,900,67.64,34004,67.65,2300,67.66,2014-12-18,15:05:53,00";
var hq_str_sz002310="东方园林,18.26,18.31,18.01,18.61,18.00,18.01,18.02,17774976,323219856.16,33443,18.01,151900,18.00,800,17.99,16200,17.98,5000,17.97,54300,18.02,5500,18.03,3000,18.04,45700,18.05,5100,18.06,2014-12-18,15:05:53,00";
var hq_str_sz002344="海宁皮城,15.30,15.29,15.98,16.47,15.30,15.98,15.99,21771172,344859439.56,77359,15.98,60321,15.97,8000,15.96,10400,15.95,236300,15.94,108279,15.99,173801,16.00,9600,16.01,41100,16.02,29000,16.03,2014-12-18,15:05:53,00";
var hq_str_sz002353="杰瑞股份,33.00,32.80,33.75,33.93,32.63,33.75,33.76,14149266,471169939.91,16450,33.75,5100,33.74,7600,33.73,15700,33.72,14500,33.71,20583,33.76,25229,33.77,51491,33.78,36100,33.79,103800,33.80,2014-12-18,15:05:53,00";
var hq_str_sz002375="亚厦股份,19.53,19.68,19.48,19.73,19.39,19.48,19.49,9942932,194340314.71,336740,19.48,650500,19.47,349816,19.46,380730,19.45,343400,19.44,27400,19.49,23660,19.50,13100,19.51,23100,19.52,2210,19.53,2014-12-18,15:05:53,00";
var hq_str_sz002385="大北农,14.96,14.78,15.37,15.50,14.80,15.36,15.37,29452004,446155833.78,112800,15.36,87349,15.35,34500,15.34,79600,15.33,60900,15.32,301197,15.37,127276,15.38,41800,15.39,142400,15.40,80419,15.41,2014-12-18,15:05:53,00";
var hq_str_sz002399="海普瑞,28.74,28.89,28.51,29.11,28.33,28.51,28.52,4323168,124035200.91,6842,28.51,15300,28.50,12333,28.49,1200,28.47,7048,28.46,4200,28.52,9100,28.53,10000,28.54,22700,28.55,8800,28.57,2014-12-18,15:05:53,00";
var hq_str_sz002400="省广股份,24.01,24.26,23.92,24.15,23.50,23.90,23.92,12529032,297584716.26,500,23.90,8000,23.88,1000,23.86,20400,23.85,10867,23.84,14408,23.92,10004,23.93,27000,23.94,8400,23.95,17000,23.96,2014-12-18,15:05:53,00";
var hq_str_sz002410="广联达,26.83,26.99,26.75,27.30,26.68,26.74,26.75,8209023,221217333.83,1633,26.74,5200,26.73,17767,26.72,21800,26.71,34300,26.70,43479,26.75,1700,26.76,2473,26.79,2000,26.80,4700,26.81,2014-12-18,15:05:53,00";
var hq_str_sz002415="海康威视,23.24,23.15,23.08,23.37,22.62,23.07,23.08,21054875,484763720.86,100,23.07,1300,23.04,11000,23.02,42465,23.01,60400,23.00,39470,23.08,12000,23.09,234275,23.10,400,23.16,1700,23.17,2014-12-18,15:05:53,00";
var hq_str_sz002416="爱施德,13.25,13.25,13.20,13.37,13.20,13.19,13.20,3948465,52409207.35,12200,13.19,6000,13.18,3100,13.17,16400,13.16,4200,13.15,31955,13.20,10900,13.21,15400,13.22,49018,13.23,5600,13.24,2014-12-18,15:05:53,00";
var hq_str_sz002422="科伦药业,29.02,29.07,28.50,29.02,28.40,28.50,28.51,9868534,282107518.10,38564,28.50,90700,28.49,54235,28.48,4050,28.47,14200,28.46,600,28.51,6473,28.53,2550,28.54,31596,28.55,500,28.57,2014-12-18,15:05:53,00";
var hq_str_sz002429="兆驰股份,8.27,8.29,8.29,8.39,8.25,8.29,8.30,9090294,75549901.84,50500,8.29,36100,8.28,78200,8.27,59674,8.26,132275,8.25,67467,8.30,40050,8.31,32125,8.32,63475,8.33,34100,8.34,2014-12-18,15:05:53,00";
var hq_str_sz002450="康得新,30.20,30.49,30.57,31.04,29.51,30.57,30.58,14683874,445960871.13,52000,30.57,30100,30.56,36000,30.55,70000,30.54,20000,30.53,68800,30.58,73400,30.59,155395,30.60,15500,30.61,13600,30.62,2014-12-18,15:05:53,00";
var hq_str_sz002456="欧菲光,21.30,21.30,21.23,21.60,21.17,21.23,21.24,12890643,275486457.80,101888,21.23,46800,21.22,34500,21.21,56400,21.20,9700,21.19,51850,21.24,7200,21.25,3800,21.26,12700,21.27,16200,21.29,2014-12-18,15:05:53,00";
var hq_str_sz002465="海格通信,22.29,22.46,22.84,23.40,22.10,22.83,22.84,33653745,768051708.49,38220,22.83,11900,22.82,7900,22.81,91800,22.80,7400,22.78,107513,22.84,101492,22.85,38200,22.86,22300,22.87,32000,22.88,2014-12-18,15:05:53,00";
var hq_str_sz002470="金正大,28.85,29.00,29.14,29.15,28.51,29.08,29.14,4234388,122731519.31,2900,29.08,5400,29.07,10733,29.06,4928,29.05,42300,29.00,44600,29.14,59500,29.15,29900,29.16,3600,29.17,10364,29.18,2014-12-18,15:05:53,00";
var hq_str_sz002475="立讯精密,29.80,29.99,29.74,30.18,29.60,29.71,29.74,3228695,96426337.81,6300,29.71,8200,29.70,600,29.69,1500,29.68,8200,29.67,7467,29.74,12781,29.75,6300,29.76,7400,29.77,4802,29.78,2014-12-18,15:05:53,00";
var hq_str_sz002500="山西证券,16.50,17.30,15.90,16.95,15.82,15.89,15.90,104176798,1700894277.43,49400,15.89,110460,15.88,236433,15.87,76000,15.86,216400,15.85,319501,15.90,125001,15.91,33100,15.92,62908,15.93,59200,15.94,2014-12-18,15:05:53,00";
var hq_str_sz002570="贝因美,16.48,16.52,16.52,16.81,16.48,16.52,16.53,14004776,233450282.09,24442,16.52,17000,16.51,121200,16.50,21467,16.49,38600,16.48,500,16.53,1000,16.57,5400,16.58,3200,16.59,44753,16.60,2014-12-18,15:05:53,00";
var hq_str_sz002594="比亚迪,40.71,40.48,36.43,41.48,36.43,0.00,36.43,34959621,1337368882.07,0,0.00,0,0.00,0,0.00,0,0.00,0,0.00,931550,36.43,2000,36.44,13200,36.45,3000,36.46,1100,36.47,2014-12-18,15:05:53,00";
var hq_str_sz002603="以岭药业,32.27,32.28,31.89,32.27,31.85,31.89,31.91,4218255,135062888.65,1433,31.89,2295,31.88,20500,31.87,79747,31.86,17100,31.85,1000,31.91,6000,31.93,11800,31.94,12100,31.95,1900,31.96,2014-12-18,15:05:53,00";
var hq_str_sz002653="海思科,18.65,18.65,18.34,18.80,18.01,18.33,18.34,5838671,106893522.34,23433,18.33,1200,18.32,6000,18.31,21000,18.30,36700,18.29,4900,18.34,8900,18.35,9000,18.36,3600,18.37,6600,18.38,2014-12-18,15:05:53,00";
var hq_str_sz002673="西部证券,33.81,34.86,31.45,33.99,31.40,31.45,31.46,47173142,1541653273.43,213712,31.45,3400,31.44,2800,31.43,43800,31.42,26400,31.41,62100,31.46,26700,31.47,20600,31.48,21600,31.49,35967,31.50,2014-12-18,15:05:53,00";
var hq_str_sz300015="爱尔眼科,28.970,29.040,29.620,30.650,28.740,29.610,29.620,6602531,196730565.960,16710,29.610,3500,29.600,7800,29.590,15800,29.580,200,29.570,23100,29.620,4200,29.630,1000,29.640,3500,29.650,2011,29.660,2014-12-18,15:05:53,00";
var hq_str_sz300017="网宿科技,45.600,46.080,45.680,46.800,45.530,45.680,45.690,4932669,227483622.280,22441,45.680,3738,45.670,3900,45.660,8900,45.650,500,45.640,4700,45.690,22800,45.700,1000,45.710,300,45.720,3300,45.730,2014-12-18,15:05:53,00";
var hq_str_sz300024="机器人,44.090,44.090,42.850,44.280,42.580,42.850,42.860,27440713,1188085210.160,121101,42.850,10700,42.840,6700,42.830,16795,42.820,29800,42.810,600,42.860,300,42.880,5900,42.890,37000,42.900,1000,42.910,2014-12-18,15:05:53,00";
var hq_str_sz300027="华谊兄弟,28.620,28.940,28.610,29.450,28.610,28.600,28.610,32992987,955275691.210,354800,28.600,6000,28.590,33600,28.580,200,28.570,29800,28.560,35568,28.610,33600,28.620,34370,28.630,13600,28.640,5200,28.650,2014-12-18,15:05:53,00";
var hq_str_sz300058="蓝色光标,25.180,25.360,24.700,25.580,24.690,24.700,24.710,16891786,423329511.840,55658,24.700,25100,24.690,42000,24.680,1200,24.670,7900,24.660,128900,24.710,12463,24.720,3900,24.730,857,24.740,13200,24.750,2014-12-18,15:05:53,00";
var hq_str_sz300070="碧水源,36.410,36.650,37.150,38.990,36.400,37.150,37.160,19704358,746958864.130,29719,37.150,9400,37.130,1900,37.110,5800,37.100,5000,37.090,8800,37.160,18300,37.180,1000,37.190,34695,37.200,200,37.210,2014-12-18,15:05:53,00";
var hq_str_sz300124="汇川技术,32.160,32.140,31.430,32.290,31.210,31.420,31.430,7697620,244029905.980,6100,31.420,2200,31.410,4200,31.400,7400,31.380,300,31.370,15808,31.430,1000,31.550,3000,31.580,71500,31.590,3200,31.600,2014-12-18,15:05:53,00";
var hq_str_sz300133="华策影视,29.310,29.750,28.930,29.920,28.810,28.930,28.940,8018720,234864597.810,29800,28.930,4700,28.920,800,28.910,5664,28.900,2700,28.880,1900,28.940,2755,28.950,1238,28.960,1300,28.980,4211,28.990,2014-12-18,15:05:53,00";
var hq_str_sz300146="汤臣倍健,28.240,28.300,27.960,28.690,27.940,27.950,27.960,7150210,201251194.010,13341,27.950,13100,27.940,14300,27.930,4800,27.920,20000,27.910,61380,27.960,15101,27.970,15000,27.980,2200,27.990,28400,28.000,2014-12-18,15:05:53,00";
var hq_str_sz300251="光线传媒,25.380,25.900,24.890,26.360,24.850,24.880,24.890,46271742,1181875751.000,37700,24.880,11500,24.870,24200,24.860,36348,24.850,1600,24.840,189203,24.890,108820,24.900,53699,24.910,23600,24.920,10000,24.930,2014-12-18,15:05:53,00";
var hq_str_sh600000="浦发银行,14.22,14.11,13.89,14.34,13.71,13.88,13.89,499627853,7010664184,435169,13.88,331500,13.87,634800,13.86,565600,13.85,1072100,13.84,171792,13.89,660667,13.90,62469,13.91,204890,13.92,143695,13.93,2014-12-18,15:03:02,00";
var hq_str_sh600008="首创股份,11.60,11.63,12.03,12.65,11.40,12.02,12.03,122341859,1486369408,22800,12.02,47600,12.01,140000,12.00,27300,11.99,15700,11.98,70700,12.03,54245,12.04,94100,12.05,196500,12.06,15500,12.07,2014-12-18,15:03:02,00";
var hq_str_sh600009="上海机场,19.66,19.76,19.41,19.70,19.20,19.39,19.40,24391704,473463292,10500,19.39,90670,19.38,4700,19.37,10600,19.36,120850,19.35,12975,19.40,15000,19.41,20300,19.42,10700,19.43,19000,19.44,2014-12-18,15:03:02,00";
var hq_str_sh600010="包钢股份,4.22,4.20,4.40,4.54,4.18,4.38,4.40,909706023,3996069205,1782395,4.38,921800,4.37,1317100,4.36,1882100,4.35,555800,4.34,2139040,4.40,2145037,4.41,1868738,4.42,1305900,4.43,1307900,4.44,2014-12-18,15:03:02,00";
var hq_str_sh600011="华能国际,7.91,7.86,7.88,8.04,7.68,7.88,7.89,94466106,742665052,1100,7.88,122224,7.87,169500,7.86,265600,7.85,40000,7.84,162900,7.89,270812,7.90,361700,7.91,123911,7.92,64800,7.93,2014-12-18,15:03:02,00";
var hq_str_sh600015="华夏银行,12.10,12.06,11.83,12.24,11.65,11.81,11.82,210264359,2503752977,283483,11.81,400005,11.80,183951,11.79,188943,11.78,183300,11.77,51701,11.82,82610,11.83,270000,11.84,220608,11.85,104300,11.86,2014-12-18,15:03:02,00";
var hq_str_sh600016="民生银行,9.89,9.47,9.59,9.99,9.50,9.58,9.59,1631355624,15851773693,666390,9.58,2693402,9.57,802500,9.56,881300,9.55,290200,9.54,15183160,9.59,73000,9.60,20400,9.61,636569,9.62,1478132,9.63,2014-12-18,15:03:02,00";
var hq_str_sh600018="上港集团,6.28,6.35,6.44,6.52,6.22,6.44,6.45,157525406,1008130071,323400,6.44,182800,6.43,163100,6.42,201700,6.41,657300,6.40,579712,6.45,2656507,6.46,1395600,6.47,2186475,6.48,927501,6.49,2014-12-18,15:03:02,00";
var hq_str_sh600019="宝钢股份,6.41,6.39,6.37,6.56,6.36,6.37,6.38,131702721,851696365,235700,6.37,186193,6.36,504500,6.35,157800,6.34,143600,6.33,13400,6.38,141800,6.39,298900,6.40,82100,6.41,239887,6.42,2014-12-18,15:03:02,00";
var hq_str_sh600023="浙能电力,6.68,6.69,6.81,6.95,6.64,6.80,6.81,67595682,461173548,47430,6.80,60300,6.79,526152,6.78,279995,6.77,160100,6.76,16900,6.81,23190,6.82,185646,6.83,196300,6.84,339378,6.85,2014-12-18,15:03:02,00";
var hq_str_sh600027="华电国际,5.93,5.95,6.19,6.33,5.82,6.18,6.19,149695084,908451406,83300,6.18,178381,6.17,296163,6.16,163400,6.15,31400,6.14,245785,6.19,1098701,6.20,171800,6.21,246900,6.22,126700,6.23,2014-12-18,15:03:02,00";
var hq_str_sh600028="中国石化,6.05,6.01,5.98,6.13,5.94,5.97,5.98,485257328,2921513550,1125891,5.97,2158369,5.96,2294611,5.95,2593500,5.94,3462800,5.93,133530,5.98,2238185,5.99,2489305,6.00,3262522,6.01,2828938,6.02,2014-12-18,15:03:02,00";
var hq_str_sh600029="南方航空,5.49,5.61,5.52,5.73,5.38,5.51,5.52,226477693,1253305154,121014,5.51,941910,5.50,142500,5.49,434100,5.48,348200,5.47,20800,5.52,855700,5.53,65800,5.54,455900,5.55,34000,5.56,2014-12-18,15:03:02,00";
var hq_str_sh600030="中信证券,32.33,32.75,31.74,33.30,31.50,31.73,31.74,1011644590,32816298244,600,31.73,300,31.72,8600,31.71,733961,31.70,70744,31.69,31700,31.74,12000,31.75,11000,31.77,37800,31.78,136800,31.79,2014-12-18,15:03:02,00";
var hq_str_sh600031="三一重工,8.43,8.42,8.71,8.88,8.43,8.71,8.72,237022538,2065000832,729400,8.71,490300,8.70,718288,8.69,582900,8.68,95994,8.67,486083,8.72,318600,8.73,426155,8.74,928640,8.75,161900,8.76,2014-12-18,15:03:02,00";
var hq_str_sh600036="招商银行,15.12,15.10,14.73,15.20,14.60,14.73,14.74,416116600,6197378386,46500,14.73,1024200,14.72,289418,14.71,1706300,14.70,212834,14.69,72700,14.74,103569,14.75,360800,14.76,25400,14.77,168400,14.78,2014-12-18,15:03:02,00";
var hq_str_sh600038="哈飞股份,39.61,39.96,41.49,42.78,39.60,41.44,41.48,11144175,461754708,533,41.44,300,41.43,100,41.42,1400,41.40,3400,41.39,1300,41.48,17200,41.50,400,41.51,4009,41.52,1000,41.53,2014-12-18,15:03:02,00";
var hq_str_sh600048="保利地产,8.67,8.49,8.40,8.93,8.36,8.40,8.41,297141150,2552208193,1046501,8.40,46500,8.39,218059,8.38,267638,8.37,421285,8.36,35100,8.41,280500,8.42,59800,8.43,214942,8.44,212850,8.45,2014-12-18,15:03:02,00";
var hq_str_sh600050="中国联通,4.57,4.54,4.66,4.68,4.53,4.66,4.67,478406161,2206782996,782062,4.66,2472583,4.65,3783260,4.64,2258800,4.63,304300,4.62,2271160,4.67,4166886,4.68,3781100,4.69,6314090,4.70,1544000,4.71,2014-12-18,15:03:02,00";
var hq_str_sh600058="五矿发展,15.04,15.07,15.22,15.79,14.87,15.21,15.22,29917404,461166993,5400,15.21,46407,15.20,31600,15.19,42000,15.18,9300,15.17,4400,15.22,7291,15.24,35342,15.25,18700,15.26,31800,15.27,2014-12-18,15:03:02,00";
var hq_str_sh600060="海信电器,11.95,11.96,12.04,12.30,11.90,12.03,12.04,32640190,394116895,1291,12.03,12741,12.02,67130,12.01,116216,12.00,55784,11.99,1000,12.04,78000,12.05,117059,12.06,85400,12.07,239650,12.08,2014-12-18,15:03:02,00";
var hq_str_sh600066="宇通客车,21.61,21.65,21.60,22.25,21.41,21.61,21.65,16719432,366539670,200,21.61,41688,21.60,13500,21.59,1800,21.58,200,21.57,200,21.65,1000,21.66,400,21.67,3513,21.68,3600,21.69,2014-12-18,15:03:02,00";
var hq_str_sh600068="葛洲坝,8.27,8.29,8.61,8.84,8.03,8.61,8.62,221243503,1870206931,24800,8.61,687653,8.60,114500,8.59,208200,8.58,146300,8.57,192341,8.62,174800,8.63,134800,8.64,239800,8.65,192692,8.66,2014-12-18,15:03:02,00";
var hq_str_sh600079="人福医药,26.50,26.60,26.11,26.79,26.07,26.10,26.11,9188205,242688167,5500,26.10,24357,26.09,21600,26.08,12342,26.07,13100,26.06,9000,26.11,13091,26.12,2404,26.13,7600,26.14,2500,26.15,2014-12-18,15:03:02,00";
var hq_str_sh600085="同仁堂,21.56,21.63,21.78,22.06,21.55,21.78,21.79,10874573,237027907,8527,21.78,3800,21.77,5500,21.76,10100,21.75,4900,21.74,4900,21.79,16900,21.80,2500,21.81,5300,21.82,20600,21.83,2014-12-18,15:03:02,00";
var hq_str_sh600089="特变电工,11.85,11.93,12.04,12.27,11.76,12.03,12.04,123885751,1488155886,12610,12.03,127100,12.02,98890,12.01,246515,12.00,17300,11.99,12500,12.04,234456,12.05,144676,12.06,74900,12.07,133824,12.08,2014-12-18,15:03:02,00";
var hq_str_sh600100="同方股份,13.85,13.41,13.68,14.28,13.62,13.68,13.69,97509907,1361019297,28300,13.68,50300,13.67,156600,13.66,92000,13.65,10600,13.64,54301,13.69,49894,13.70,30400,13.71,107400,13.72,23478,13.73,2014-12-18,15:03:02,00";
var hq_str_sh600104="上汽集团,22.11,22.09,21.98,22.18,21.78,21.97,21.98,40702033,895212988,53351,21.97,42694,21.96,16900,21.95,5100,21.94,8969,21.93,28001,21.98,26201,21.99,114394,22.00,300,22.01,300,22.02,2014-12-18,15:03:02,00";
var hq_str_sh600108="亚盛集团,9.66,9.61,9.83,10.00,9.60,9.82,9.83,111055082,1093496295,49900,9.82,194270,9.81,645672,9.80,52300,9.79,79800,9.78,843784,9.83,342762,9.84,141600,9.85,83200,9.86,95400,9.87,2014-12-18,15:03:02,00";
var hq_str_sh600109="国金证券,21.00,21.79,19.90,21.48,19.80,19.85,19.86,168337500,3460977582,75400,19.85,75200,19.84,163900,19.83,333280,19.82,95700,19.81,20520,19.86,18600,19.87,876860,19.88,98600,19.89,66987,19.90,2014-12-18,15:03:02,00";
var hq_str_sh600111="包钢稀土,24.45,24.45,25.58,26.50,24.45,25.58,25.59,120933034,3096266472,39300,25.58,23391,25.57,54400,25.56,79563,25.55,101100,25.54,37600,25.59,125400,25.60,13500,25.61,71633,25.62,40200,25.63,2014-12-18,15:03:02,00";
var hq_str_sh600115="东方航空,5.60,5.75,5.62,5.84,5.51,5.62,5.63,153157248,864926657,209700,5.62,1022100,5.61,1277169,5.60,203780,5.59,317400,5.58,357045,5.63,346200,5.64,531285,5.65,92200,5.66,112000,5.67,2014-12-18,15:03:02,00";
var hq_str_sh600118="中国卫星,29.00,29.17,31.74,32.09,28.80,31.75,31.77,74424860,2314735070,3000,31.75,21607,31.50,2200,31.49,100000,31.46,2000,31.45,6850,31.77,1200,31.78,4700,31.79,112721,31.80,5800,31.81,2014-12-18,15:03:02,00";
var hq_str_sh600143="金发科技,6.58,6.57,6.55,6.68,6.50,6.54,6.55,49747315,327780715,49228,6.54,433880,6.53,89504,6.52,252300,6.51,461399,6.50,1898,6.55,115180,6.56,260407,6.57,266400,6.58,290200,6.59,2014-12-18,15:03:02,00";
var hq_str_sh600150="中国船舶,37.86,37.76,39.20,40.58,37.58,39.20,39.21,56170878,2205371712,2758,39.20,12500,39.19,18900,39.18,12400,39.17,18200,39.16,7100,39.21,5400,39.22,16100,39.24,55800,39.25,47785,39.26,2014-12-18,15:03:02,00";
var hq_str_sh600153="建发股份,10.70,10.74,10.82,11.18,10.50,10.81,10.82,84430918,917895376,13000,10.81,189230,10.80,112600,10.79,109922,10.78,37100,10.77,2800,10.82,25700,10.83,139400,10.84,59117,10.85,34100,10.86,2014-12-18,15:03:02,00";
var hq_str_sh600157="永泰能源,4.77,4.80,4.82,4.86,4.75,4.81,4.82,91071626,437281774,163000,4.81,19300,4.80,22900,4.79,84700,4.78,769700,4.77,25000,4.82,17100,4.83,209337,4.84,1192800,4.85,1264999,4.86,2014-12-18,15:03:02,00";
var hq_str_sh600166="福田汽车,6.60,6.64,6.50,6.63,6.44,6.50,6.51,59536314,388688607,8800,6.50,26156,6.49,154634,6.48,253100,6.47,436700,6.46,25000,6.51,121659,6.52,132200,6.53,161200,6.54,187300,6.55,2014-12-18,15:03:02,00";
var hq_str_sh600170="上海建工,7.77,7.82,8.05,8.25,7.71,8.05,8.06,98055157,785812794,6800,8.05,234595,8.04,94113,8.03,140926,8.02,419541,8.01,195578,8.06,185676,8.07,126230,8.08,61700,8.09,210452,8.10,2014-12-18,15:03:02,00";
var hq_str_sh600177="雅戈尔,11.72,11.70,11.31,11.76,11.28,11.32,11.33,56875013,651944352,2900,11.32,20503,11.31,180890,11.30,152700,11.29,163200,11.28,43550,11.33,12700,11.34,25800,11.35,52600,11.36,79600,11.37,2014-12-18,15:03:02,00";
var hq_str_sh600188="兖州煤业,12.61,12.69,12.75,13.35,12.38,12.75,12.76,27277696,353217532,18252,12.75,200437,12.74,35300,12.73,33567,12.72,22200,12.71,9700,12.76,3300,12.77,23200,12.78,16400,12.79,48320,12.80,2014-12-18,15:03:02,00";
var hq_str_sh600196="复星医药,21.52,21.52,21.16,21.65,21.00,21.15,21.16,36042572,763631538,33900,21.15,51563,21.14,43800,21.13,30200,21.12,46464,21.11,12200,21.16,23400,21.17,135100,21.18,10100,21.19,98879,21.20,2014-12-18,15:03:02,00";
var hq_str_sh600208="新湖中宝,0.00,7.15,7.15,0.00,0.00,0.00,0.00,0,0,0,0.00,0,0.00,0,0.00,0,0.00,0,0.00,0,0.00,0,0.00,0,0.00,0,0.00,0,0.00,2014-12-18,15:03:02,03";
var hq_str_sh600221="海南航空,3.47,3.56,3.50,3.62,3.42,3.50,3.51,396133058,1389605949,488400,3.50,600755,3.49,3084800,3.48,2397767,3.47,1738100,3.46,1502480,3.51,1687100,3.52,1684045,3.53,853200,3.54,2285473,3.55,2014-12-18,15:03:02,00";
var hq_str_sh600252="中恒集团,17.03,17.03,17.14,17.17,16.85,17.12,17.14,25986473,442239441,80700,17.12,28300,17.11,108920,17.10,16600,17.09,14600,17.08,200,17.14,1000,17.15,71079,17.16,51700,17.17,86500,17.18,2014-12-18,15:03:02,00";
var hq_str_sh600256="广汇能源,8.38,8.36,8.42,8.46,8.32,8.39,8.40,101709850,853218405,117600,8.39,277300,8.38,46100,8.37,89200,8.36,228400,8.35,192749,8.40,24600,8.44,106300,8.45,555532,8.46,607500,8.47,2014-12-18,15:03:02,00";
var hq_str_sh600267="海正药业,17.92,18.08,18.09,18.48,17.92,18.09,18.10,12804589,232916340,41690,18.09,4518,18.08,2700,18.07,16700,18.06,38011,18.05,1600,18.10,9400,18.11,27283,18.12,1200,18.13,5800,18.14,2014-12-18,15:03:02,00";
var hq_str_sh600271="航天信息,28.98,28.97,29.42,30.12,28.88,29.44,29.45,16907496,500102247,500,29.44,500,29.43,1400,29.42,3501,29.41,20900,29.40,12300,29.45,12100,29.46,500,29.47,700,29.48,24200,29.50,2014-12-18,15:03:02,00";
var hq_str_sh600276="恒瑞医药,37.68,37.48,37.82,37.85,37.00,37.82,37.83,7741670,290191446,37100,37.82,13568,37.81,89700,37.80,22300,37.79,3500,37.78,16000,37.83,15000,37.84,27200,37.85,14000,37.86,23400,37.87,2014-12-18,15:03:02,00";
var hq_str_sh600277="亿利能源,9.34,9.36,9.76,9.89,9.26,9.74,9.76,66583111,641927867,42200,9.74,357000,9.73,72000,9.72,96600,9.71,317746,9.70,205704,9.76,298921,9.77,187970,9.78,670300,9.79,281954,9.80,2014-12-18,15:03:02,00";
var hq_str_sh600309="万华化学,20.12,20.05,20.21,20.28,19.75,20.19,20.20,26177693,524049835,700,20.19,1100,20.18,10000,20.17,3700,20.16,500,20.15,3700,20.20,10500,20.22,31453,20.23,75411,20.24,60800,20.25,2014-12-18,15:03:02,00";
var hq_str_sh600315="上海家化,34.45,34.53,34.51,35.01,34.03,34.51,34.52,11302990,390085416,5800,34.51,115639,34.50,24491,34.49,7000,34.48,1200,34.47,200,34.52,14100,34.53,800,34.54,3600,34.55,7200,34.56,2014-12-18,15:03:02,00";
var hq_str_sh600316="洪都航空,29.91,29.89,30.81,31.98,29.91,30.81,30.82,36005764,1115258675,200,30.81,30700,30.80,16200,30.79,6900,30.78,13000,30.77,34600,30.82,10358,30.83,7400,30.84,7800,30.85,3600,30.86,2014-12-18,15:03:02,00";
var hq_str_sh600332="白云山,0.00,27.11,27.11,0.00,0.00,0.00,0.00,0,0,0,0.00,0,0.00,0,0.00,0,0.00,0,0.00,0,0.00,0,0.00,0,0.00,0,0.00,0,0.00,2014-12-18,15:03:02,03";
var hq_str_sh600340="华夏幸福,38.01,37.38,37.43,38.38,37.10,37.28,37.43,5870423,220757379,500,37.28,19200,37.27,22200,37.26,19421,37.25,2500,37.23,200,37.43,4938,37.49,11400,37.50,25225,37.51,500,37.54,2014-12-18,15:03:02,00";
var hq_str_sh600348="阳泉煤业,8.13,8.13,8.13,8.39,8.09,8.13,8.14,38664665,318302315,4406,8.13,176579,8.12,428000,8.11,213699,8.10,109400,8.09,105200,8.14,22800,8.15,17300,8.16,20228,8.17,68679,8.18,2014-12-18,15:03:02,00";
var hq_str_sh600352="浙江龙盛,17.34,17.32,17.96,18.20,17.32,17.94,17.96,66858571,1197478934,700,17.94,76533,17.93,10700,17.91,12200,17.90,25300,17.89,600,17.96,108942,17.97,214300,17.98,203010,17.99,634700,18.00,2014-12-18,15:03:02,00";
var hq_str_sh600362="江西铜业,17.40,17.38,17.75,18.18,17.31,17.74,17.75,70744262,1266476525,48663,17.74,19500,17.73,63700,17.72,44000,17.71,114200,17.70,400,17.75,4800,17.76,54300,17.77,47147,17.78,83900,17.79,2014-12-18,15:03:02,00";
var hq_str_sh600369="西南证券,21.80,22.80,20.86,22.18,20.83,20.86,20.87,130654719,2805362174,74000,20.86,107065,20.85,42100,20.84,72700,20.83,69800,20.82,3100,20.87,46563,20.88,33310,20.89,75693,20.90,6601,20.91,2014-12-18,15:03:02,00";
var hq_str_sh600372="中航电子,29.32,29.57,29.98,30.88,29.20,29.97,29.98,40467991,1219208071,19400,29.97,31600,29.96,9200,29.95,23872,29.94,22498,29.93,22566,29.98,10050,29.99,46900,30.00,18100,30.01,1900,30.02,2014-12-18,15:03:02,00";
var hq_str_sh600373="中文传媒,14.50,14.49,14.38,14.70,14.35,14.37,14.38,15110652,219059786,17230,14.37,97600,14.36,143500,14.35,19200,14.34,10200,14.33,50810,14.38,62060,14.39,81163,14.40,1800,14.41,37596,14.42,2014-12-18,15:03:02,00";
var hq_str_sh600383="金地集团,9.25,9.26,8.98,9.40,8.93,8.98,8.99,74901578,685133123,138810,8.98,223487,8.97,126800,8.96,87708,8.95,90800,8.94,48384,8.99,177520,9.00,22606,9.01,19934,9.02,28700,9.03,2014-12-18,15:03:02,00";
var hq_str_sh600395="盘江股份,11.15,11.08,11.45,11.97,11.15,11.44,11.45,52959591,614739009,5783,11.44,4100,11.43,6400,11.42,126100,11.41,44600,11.40,19200,11.45,5000,11.46,11475,11.47,31900,11.48,13100,11.49,2014-12-18,15:03:02,00";
var hq_str_sh600398="海澜之家,10.38,10.38,10.21,10.47,10.16,10.22,10.24,7647657,78589319,3300,10.22,500,10.20,2100,10.19,3000,10.18,4000,10.17,66100,10.24,14260,10.25,32400,10.26,15400,10.27,8800,10.28,2014-12-18,15:03:02,00";
var hq_str_sh600406="国电南瑞,16.58,16.49,16.52,16.77,16.45,16.52,16.53,31354495,520199913,19900,16.52,44800,16.51,60200,16.50,41031,16.49,98700,16.48,11469,16.53,3300,16.54,17960,16.55,4600,16.56,18500,16.57,2014-12-18,15:03:02,00";
var hq_str_sh600415="小商品城,12.21,12.28,12.27,12.50,12.10,12.27,12.28,25627032,314794246,89300,12.27,16700,12.26,66178,12.25,10000,12.24,12870,12.23,146500,12.28,125488,12.29,262531,12.30,3500,12.31,27700,12.32,2014-12-18,15:03:02,00";
var hq_str_sh600436="片仔癀,87.52,87.30,86.99,88.40,86.80,86.99,87.00,1952878,171232147,2900,86.99,700,86.96,1533,86.95,200,86.93,600,86.92,2200,87.00,400,87.01,100,87.03,2000,87.05,553,87.15,2014-12-18,15:03:02,00";
var hq_str_sh600485="信威集团,47.50,48.25,50.98,51.20,46.90,50.92,50.99,7318508,364450939,1000,50.92,500,50.90,100,50.81,3100,50.80,9900,50.79,12300,50.99,55914,51.00,27400,51.01,13500,51.02,36198,51.03,2014-12-18,15:03:02,00";
var hq_str_sh600489="中金黄金,10.10,10.14,10.27,10.39,10.04,10.26,10.27,69437461,712597808,79800,10.26,96700,10.25,9800,10.24,29900,10.23,53800,10.22,10300,10.27,423441,10.28,188699,10.29,418655,10.30,119800,10.31,2014-12-18,15:03:02,00";
var hq_str_sh600497="驰宏锌锗,11.82,11.80,12.04,12.35,11.82,12.05,12.06,36589324,444240706,39000,12.05,16600,12.04,44805,12.03,37971,12.02,71700,12.01,850,12.06,22000,12.07,54505,12.08,11179,12.09,85349,12.10,2014-12-18,15:03:02,00";
var hq_str_sh600498="烽火通信,16.48,16.45,16.20,16.57,16.18,16.20,16.22,10775019,175663765,1200,16.20,84367,16.18,4500,16.17,5600,16.16,35200,16.15,31800,16.22,17100,16.23,33300,16.24,9300,16.25,32000,16.26,2014-12-18,15:03:02,00";
var hq_str_sh600516="方大炭素,11.09,11.12,11.05,11.36,11.03,11.04,11.05,46438655,518911800,33675,11.04,167500,11.03,38600,11.02,122700,11.01,298500,11.00,10300,11.05,45900,11.06,88360,11.07,87100,11.08,21900,11.09,2014-12-18,15:03:02,00";
var hq_str_sh600518="康美药业,16.57,16.59,16.60,16.80,16.48,16.61,16.62,42163855,701781909,56800,16.61,10314,16.60,191250,16.59,53247,16.58,106100,16.57,33300,16.62,69407,16.63,13600,16.64,102300,16.65,114100,16.66,2014-12-18,15:03:02,00";
var hq_str_sh600519="贵州茅台,179.69,179.07,179.34,182.20,179.00,179.42,179.49,3856750,695500784,200,179.42,4000,179.34,100,179.32,200,179.20,200,179.18,500,179.49,4903,179.50,400,179.55,1700,179.56,19306,179.58,2014-12-18,15:03:02,00";
var hq_str_sh600535="天士力,41.00,41.06,40.89,41.56,40.85,40.89,40.90,8471180,348667479,2800,40.89,11767,40.88,9600,40.87,7190,40.86,17000,40.85,1000,40.90,100,40.91,1100,40.95,1000,40.97,7672,40.98,2014-12-18,15:03:02,00";
var hq_str_sh600547="山东黄金,19.40,19.51,19.71,19.95,19.35,19.72,19.73,24112553,475188870,1100,19.72,15625,19.71,37487,19.70,25700,19.69,18000,19.68,1800,19.73,5100,19.74,13100,19.75,14718,19.76,9500,19.77,2014-12-18,15:03:02,00";
var hq_str_sh600549="厦门钨业,31.76,31.80,33.07,34.17,31.76,33.06,33.07,18182374,602770569,200,33.06,6800,33.05,3500,33.04,1851,33.03,4000,33.02,4108,33.07,18700,33.08,6131,33.09,17799,33.10,21731,33.11,2014-12-18,15:03:02,00";
var hq_str_sh600570="恒生电子,65.25,65.97,65.06,67.80,64.94,64.88,64.96,8389175,556432539,200,64.88,500,64.86,300,64.81,2500,64.80,100,64.78,300,64.96,12037,64.99,13736,65.00,2500,65.07,8100,65.10,2014-12-18,15:03:02,00";
var hq_str_sh600578="京能电力,5.85,5.84,5.94,5.97,5.68,5.93,5.95,77154239,449266867,187892,5.93,287666,5.92,161200,5.91,145900,5.90,122400,5.89,683600,5.95,970291,5.96,437544,5.97,534840,5.98,681160,5.99,2014-12-18,15:03:02,00";
var hq_str_sh600583="海油工程,8.94,8.91,9.80,9.80,8.89,9.80,0.00,253939566,2359731061,45468081,9.80,176700,9.79,81800,9.78,13700,9.77,6200,9.76,0,0.00,0,0.00,0,0.00,0,0.00,0,0.00,2014-12-18,15:03:02,00";
var hq_str_sh600585="海螺水泥,0.00,19.74,19.74,0.00,0.00,0.00,0.00,0,0,0,0.00,0,0.00,0,0.00,0,0.00,0,0.00,0,0.00,0,0.00,0,0.00,0,0.00,0,0.00,2014-12-18,15:03:02,03";
var hq_str_sh600588="用友软件,28.51,28.68,28.40,28.83,27.71,28.16,28.50,15895848,449277530,300,28.16,10200,28.15,14099,28.14,2569,28.13,3200,28.12,47355,28.50,500,28.51,5600,28.52,1700,28.53,1000,28.54,2014-12-18,15:03:02,00";
var hq_str_sh600597="光明乳业,16.50,16.49,16.56,16.68,16.40,16.55,16.56,16701851,276210420,1100,16.55,7500,16.54,2400,16.53,19700,16.52,34300,16.51,500,16.56,27311,16.57,49900,16.58,60600,16.59,72900,16.60,2014-12-18,15:03:02,00";
var hq_str_sh600600="青岛啤酒,40.92,40.92,41.00,41.49,40.88,41.02,41.05,3732696,153468411,575,41.02,6436,41.00,6200,40.99,1367,40.98,3500,40.97,1500,41.05,3200,41.06,1032,41.07,5200,41.08,9300,41.09,2014-12-18,15:03:02,00";
var hq_str_sh600633="浙报传媒,20.01,20.21,20.23,21.09,20.00,20.23,20.24,62628444,1289616270,10100,20.23,15448,20.20,10300,20.19,47900,20.18,2200,20.17,500,20.24,25000,20.25,95800,20.26,152900,20.27,1300,20.28,2014-12-18,15:03:02,00";
var hq_str_sh600637="百视通,39.15,39.08,39.21,39.59,39.01,39.20,39.21,11528285,452377473,500,39.20,700,39.19,300,39.18,48500,39.17,1000,39.16,38501,39.21,5100,39.27,7700,39.28,8200,39.29,3100,39.30,2014-12-18,15:03:02,00";
var hq_str_sh600642="申能股份,6.08,6.09,6.10,6.16,6.01,6.09,6.10,64720316,393678069,1296121,6.09,99670,6.08,388800,6.07,348600,6.06,219500,6.05,97917,6.10,273260,6.11,297937,6.12,694239,6.13,474913,6.14,2014-12-18,15:03:02,00";
var hq_str_sh600648="外高桥,32.62,32.93,32.78,33.86,32.50,32.72,32.74,11395823,377624078,34579,32.72,55979,32.70,2900,32.69,12300,32.68,500,32.67,200,32.74,4500,32.80,2401,32.84,1900,32.85,3865,32.86,2014-12-18,15:03:02,00";
var hq_str_sh600649="城投控股,0.00,7.23,7.23,0.00,0.00,0.00,0.00,0,0,0,0.00,0,0.00,0,0.00,0,0.00,0,0.00,0,0.00,0,0.00,0,0.00,0,0.00,0,0.00,2014-12-18,15:03:02,03";
var hq_str_sh600655="豫园商城,12.14,12.20,12.09,12.38,12.00,12.09,12.10,14523856,176909304,4600,12.09,23079,12.08,13000,12.07,55894,12.06,65700,12.05,19310,12.10,13400,12.12,15600,12.13,36101,12.14,61850,12.15,2014-12-18,15:03:02,00";
var hq_str_sh600660="福耀玻璃,12.38,12.41,12.38,12.57,12.11,12.36,12.38,34102108,421763258,1300,12.36,53200,12.35,22303,12.34,7100,12.33,3100,12.32,49300,12.38,4000,12.39,80200,12.40,45215,12.41,27023,12.42,2014-12-18,15:03:02,00";
var hq_str_sh600663="陆家嘴,35.88,35.73,35.99,36.78,35.30,35.99,36.00,21755611,785158026,10500,35.99,3100,35.97,6300,35.96,4767,35.95,3400,35.94,3200,36.00,1000,36.01,2381,36.02,7547,36.03,7800,36.04,2014-12-18,15:03:02,00";
var hq_str_sh600664="哈药股份,8.53,8.54,8.50,8.62,8.48,8.51,8.52,21830784,186568902,2600,8.51,43010,8.50,38100,8.49,88500,8.48,68000,8.47,29247,8.52,72300,8.53,68700,8.54,104827,8.55,152100,8.56,2014-12-18,15:03:02,00";
var hq_str_sh600674="川投能源,19.59,19.52,19.94,20.06,19.52,19.94,19.95,15911292,315668759,5100,19.94,9236,19.93,1810,19.92,6700,19.91,124082,19.90,700,19.95,54567,19.96,5700,19.97,187720,19.98,185364,19.99,2014-12-18,15:03:02,00";
var hq_str_sh600688="上海石化,4.22,4.21,4.19,4.29,4.14,4.18,4.19,111771252,469851536,410100,4.18,351125,4.17,343000,4.16,836100,4.15,459900,4.14,28800,4.19,535925,4.20,1334255,4.21,1020964,4.22,1292876,4.23,2014-12-18,15:03:02,00";
var hq_str_sh600690="青岛海尔,18.60,18.46,18.83,19.15,18.45,18.82,18.83,47807234,903362647,11356,18.82,101000,18.81,551900,18.80,2100,18.79,15400,18.78,3100,18.83,6800,18.84,20378,18.85,24800,18.86,24838,18.87,2014-12-18,15:03:02,00";
var hq_str_sh600703="三安光电,14.46,14.52,14.86,14.96,14.40,14.85,14.86,48412746,709928054,22731,14.85,122400,14.84,70000,14.83,263367,14.82,23883,14.81,3700,14.86,181600,14.87,184134,14.88,202550,14.89,330055,14.90,2014-12-18,15:03:02,00";
var hq_str_sh600705="中航资本,0.00,18.83,18.83,0.00,0.00,0.00,0.00,0,0,0,0.00,0,0.00,0,0.00,0,0.00,0,0.00,0,0.00,0,0.00,0,0.00,0,0.00,0,0.00,2014-12-18,15:03:02,03";
var hq_str_sh600718="东软集团,18.39,18.55,17.96,18.42,17.86,17.95,17.96,52124043,943350653,20121,17.95,3800,17.94,13700,17.93,4300,17.92,9300,17.91,2400,17.96,196000,17.97,52268,17.98,103200,17.99,100100,18.00,2014-12-18,15:03:02,00";
var hq_str_sh600739="辽宁成大,22.80,23.29,21.85,22.87,21.82,21.84,21.85,83362245,1860291657,17500,21.84,74000,21.83,19700,21.82,52100,21.81,286400,21.80,8533,21.85,60500,21.87,159095,21.88,13400,21.89,63900,21.90,2014-12-18,15:03:02,00";
var hq_str_sh600741="华域汽车,16.00,16.04,15.74,16.16,15.72,15.76,15.79,14618441,233428859,97669,15.76,10800,15.75,11900,15.74,18500,15.73,92600,15.72,1000,15.79,6600,15.80,4700,15.81,35493,15.83,10600,15.86,2014-12-18,15:03:02,00";
var hq_str_sh600783="鲁信创投,26.70,27.05,27.17,27.97,26.23,27.15,27.16,21910857,595248577,1100,27.15,11600,27.14,1000,27.13,10000,27.12,1300,27.11,10440,27.16,15800,27.17,1700,27.18,8300,27.19,75476,27.20,2014-12-18,15:03:02,00";
var hq_str_sh600795="国电电力,3.70,3.71,3.73,3.80,3.60,3.73,3.74,650042833,2399666599,884814,3.73,4696158,3.72,1379832,3.71,3805900,3.70,1057600,3.69,4740837,3.74,4072388,3.75,3476431,3.76,3023538,3.77,4593694,3.78,2014-12-18,15:03:02,00";
var hq_str_sh600804="鹏博士,19.02,19.06,18.92,19.32,18.80,18.94,18.95,31747937,605344303,77037,18.94,29600,18.93,242768,18.92,22000,18.91,274400,18.90,45400,18.95,13600,18.96,1000,18.97,122601,18.99,59000,19.00,2014-12-18,15:03:02,00";
var hq_str_sh600809="山西汾酒,21.34,21.34,21.51,21.84,21.34,21.53,21.54,6501806,140318706,3000,21.53,1700,21.52,10000,21.51,500,21.50,4186,21.49,1100,21.54,7564,21.55,6300,21.56,2000,21.57,4400,21.58,2014-12-18,15:03:02,00";
var hq_str_sh600827="百联股份,17.65,17.61,17.78,18.09,17.56,17.76,17.79,32759644,585516961,13400,17.76,41700,17.75,2000,17.74,1500,17.73,7300,17.72,13700,17.79,105855,17.80,31000,17.81,76400,17.82,33809,17.83,2014-12-18,15:03:02,00";
var hq_str_sh600832="东方明珠,14.85,14.85,14.85,15.09,14.79,14.85,14.86,50386837,751999426,104945,14.85,38800,14.84,99400,14.83,150100,14.82,101700,14.81,31587,14.86,19870,14.87,85700,14.88,52400,14.89,217600,14.90,2014-12-18,15:03:02,00";
var hq_str_sh600837="海通证券,23.50,24.33,22.67,24.08,22.63,22.66,22.67,605148270,14101475709,10800,22.66,18201,22.65,36500,22.64,108896,22.63,118700,22.62,232799,22.67,599126,22.68,99400,22.69,406514,22.70,70700,22.71,2014-12-18,15:03:02,00";
var hq_str_sh600839="四川长虹,5.09,5.09,5.12,5.24,5.05,5.12,5.13,98334199,506265529,3700,5.12,154500,5.11,399100,5.10,711783,5.09,703720,5.08,1159477,5.13,508200,5.14,488575,5.15,280234,5.16,391547,5.17,2014-12-18,15:03:02,00";
var hq_str_sh600863="内蒙华电,3.92,3.90,3.96,4.02,3.87,3.95,3.96,177718127,700442281,157501,3.95,796700,3.94,554400,3.93,366100,3.92,214900,3.91,230200,3.96,418500,3.97,2366095,3.98,2685688,3.99,3977938,4.00,2014-12-18,15:03:02,00";
var hq_str_sh600867="通化东宝,16.35,16.35,15.55,16.35,15.31,15.55,15.56,52061472,814948035,6700,15.55,61674,15.54,83400,15.53,42600,15.52,97100,15.51,53246,15.56,19100,15.57,32179,15.58,35669,15.59,73274,15.60,2014-12-18,15:03:02,00";
var hq_str_sh600873="梅花生物,6.51,6.55,6.62,6.81,6.44,6.62,6.63,55016846,366018990,11000,6.62,135636,6.61,321594,6.60,53600,6.59,90400,6.58,120100,6.63,217500,6.64,452700,6.65,524600,6.66,182300,6.67,2014-12-18,15:03:02,00";
var hq_str_sh600875="东方电气,18.09,17.99,19.79,19.79,18.01,19.79,0.00,64075180,1216823753,14683025,19.79,25600,19.78,33000,19.76,14000,19.75,900,19.72,0,0.00,0,0.00,0,0.00,0,0.00,0,0.00,2014-12-18,15:03:02,00";
var hq_str_sh600880="博瑞传播,12.21,12.23,12.12,12.48,12.10,12.12,12.13,31724715,389500263,37240,12.12,48900,12.11,83200,12.10,22400,12.09,30800,12.08,10425,12.13,19400,12.14,27860,12.15,15900,12.16,26813,12.17,2014-12-18,15:03:02,00";
var hq_str_sh600886="国投电力,8.96,8.96,9.04,9.16,8.86,9.02,9.03,93015190,839611485,271260,9.02,221052,9.01,409284,9.00,176400,8.99,182800,8.98,34880,9.03,164238,9.07,126120,9.08,492761,9.09,591821,9.10,2014-12-18,15:03:02,00";
var hq_str_sh600887="伊利股份,26.48,26.47,26.75,26.93,26.20,26.76,26.77,58367840,1553820098,3427,26.76,1100,26.75,400,26.74,200,26.73,26504,26.70,51675,26.77,184034,26.78,106563,26.79,127882,26.80,46350,26.81,2014-12-18,15:03:02,00";
var hq_str_sh600893="航空动力,29.94,29.94,30.93,31.98,29.50,30.92,30.93,30246783,941863928,3149,30.92,4600,30.91,13100,30.90,1400,30.89,18000,30.88,21100,30.93,700,30.94,27900,30.95,58900,30.96,1200,30.97,2014-12-18,15:03:02,00";
var hq_str_sh600900="长江电力,9.76,9.72,9.89,10.04,9.70,9.88,9.89,84085801,830837080,80899,9.88,101000,9.87,61900,9.86,73282,9.85,69000,9.84,6915,9.89,152806,9.90,222876,9.91,189116,9.92,174250,9.93,2014-12-18,15:03:02,00";
var hq_str_sh600998="九州通,19.80,20.01,20.75,21.35,19.76,20.75,20.76,20341249,421052376,6000,20.75,19400,20.74,10800,20.73,20000,20.72,1500,20.71,24567,20.76,42500,20.77,8200,20.78,59394,20.79,131600,20.80,2014-12-18,15:03:02,00";
var hq_str_sh600999="招商证券,31.00,32.33,29.75,31.77,29.53,29.72,29.75,158138202,4837765519,2800,29.72,24024,29.71,155500,29.70,46300,29.69,96700,29.68,22700,29.75,6000,29.76,26100,29.77,38600,29.78,29000,29.79,2014-12-18,15:03:02,00";
var hq_str_sh601006="大秦铁路,10.88,10.72,11.02,11.30,10.66,11.03,11.04,240134411,2636666163,82750,11.03,149770,11.02,78700,11.01,1197448,11.00,126841,10.99,206600,11.04,209056,11.05,86016,11.06,41275,11.07,173055,11.08,2014-12-18,15:03:02,00";
var hq_str_sh601009="南京银行,14.90,15.08,14.31,15.04,14.10,14.31,14.32,169044470,2461112736,126100,14.31,322603,14.30,229600,14.29,216110,14.28,47900,14.27,73535,14.32,81800,14.33,13600,14.34,27400,14.35,15600,14.36,2014-12-18,15:03:02,00";
var hq_str_sh601018="宁波港,4.75,4.77,4.73,4.85,4.67,4.73,4.74,141410012,671513270,13296,4.73,1269500,4.72,1180200,4.71,1487080,4.70,1202390,4.69,710706,4.74,467200,4.75,297400,4.76,404780,4.77,1849000,4.78,2014-12-18,15:03:02,00";
var hq_str_sh601088="中国神华,17.80,17.68,18.00,18.09,17.69,17.99,18.00,87567154,1567631147,25900,17.99,34600,17.98,32300,17.97,76900,17.96,59000,17.95,40100,18.00,131141,18.01,420181,18.02,201700,18.03,131537,18.04,2014-12-18,15:03:02,00";
var hq_str_sh601098="中南传媒,17.44,17.34,17.76,17.91,17.33,17.73,17.78,18198604,321817408,1100,17.73,2700,17.72,10400,17.71,9100,17.70,38100,17.69,1400,17.78,49451,17.79,76042,17.80,80200,17.81,55200,17.82,2014-12-18,15:03:02,00";
var hq_str_sh601111="中国国航,7.39,7.66,7.73,7.99,7.31,7.73,7.74,189361003,1456509594,162400,7.73,143200,7.72,151500,7.71,173800,7.70,521549,7.69,589583,7.74,257900,7.75,302700,7.76,246100,7.77,79800,7.78,2014-12-18,15:03:02,00";
var hq_str_sh601117="中国化学,8.70,8.78,9.19,9.21,8.51,9.19,9.20,238664920,2132742570,3837,9.19,208300,9.18,141100,9.17,110200,9.16,180100,9.15,1900,9.20,226400,9.21,164400,9.22,156300,9.23,130000,9.24,2014-12-18,15:03:02,00";
var hq_str_sh601118="海南橡胶,9.39,9.42,9.45,9.65,9.38,9.46,9.47,74527233,711315292,13800,9.46,49500,9.45,233500,9.44,183068,9.43,87400,9.42,1500,9.47,58080,9.48,19600,9.49,234494,9.50,91599,9.51,2014-12-18,15:03:02,00";
var hq_str_sh601158="重庆水务,8.62,8.70,8.80,9.12,8.59,8.80,8.81,43810145,390975979,73783,8.80,21100,8.79,70400,8.78,30900,8.77,97900,8.76,14405,8.81,46995,8.82,71700,8.83,34000,8.84,72800,8.85,2014-12-18,15:03:02,00";
var hq_str_sh601166="兴业银行,14.39,14.28,14.27,14.60,13.96,14.26,14.27,564942318,8100940722,57128,14.26,4800,14.25,2200,14.24,14900,14.23,26000,14.22,9100,14.27,32400,14.28,385756,14.29,652393,14.30,155663,14.31,2014-12-18,15:03:02,00";
var hq_str_sh601168="西部矿业,8.68,8.76,8.87,9.15,8.63,8.86,8.87,91067391,815769313,116700,8.86,159200,8.85,46700,8.84,55400,8.83,126800,8.82,46602,8.87,97800,8.88,93500,8.89,137400,8.90,255600,8.91,2014-12-18,15:03:02,00";
var hq_str_sh601169="北京银行,10.33,10.30,10.02,10.38,9.85,10.01,10.02,151872639,1533006621,301090,10.01,829689,10.00,130800,9.99,358500,9.98,62400,9.97,70700,10.02,67280,10.03,294340,10.04,399012,10.05,85744,10.06,2014-12-18,15:03:02,00";
var hq_str_sh601179="中国西电,7.14,7.14,7.36,7.57,7.05,7.36,7.37,106124358,776827429,70418,7.36,259500,7.35,159336,7.34,205900,7.33,140593,7.32,83500,7.37,68900,7.38,175500,7.39,203034,7.40,88800,7.41,2014-12-18,15:03:02,00";
var hq_str_sh601186="中国铁建,11.85,10.77,11.85,11.85,11.85,11.85,0.00,10385070,123063080,149041530,11.85,629000,11.84,37600,11.83,54100,11.82,59000,11.81,0,0.00,0,0.00,0,0.00,0,0.00,0,0.00,2014-12-18,15:03:02,00";
var hq_str_sh601216="内蒙君正,0.00,10.44,10.44,0.00,0.00,0.00,0.00,0,0,0,0.00,0,0.00,0,0.00,0,0.00,0,0.00,0,0.00,0,0.00,0,0.00,0,0.00,0,0.00,2014-12-18,15:03:02,03";
var hq_str_sh601225="陕西煤业,7.16,7.20,7.14,7.43,7.10,7.13,7.14,31064588,224809299,2500,7.13,5500,7.12,54100,7.11,14700,7.10,67300,7.09,343591,7.14,126211,7.15,34300,7.16,52100,7.17,18200,7.18,2014-12-18,15:03:02,00";
var hq_str_sh601231="环旭电子,30.16,30.17,30.39,30.84,30.16,30.31,30.40,1769751,54164306,500,30.31,17700,30.30,14000,30.25,2600,30.21,7100,30.20,968,30.40,2000,30.41,1092,30.42,1700,30.48,5800,30.49,2014-12-18,15:03:02,00";
var hq_str_sh601258="庞大集团,6.58,6.60,6.43,6.68,6.40,6.43,6.45,29312153,191608205,5000,6.43,124599,6.40,13500,6.39,45500,6.38,3700,6.37,28100,6.45,13000,6.46,50900,6.47,59800,6.48,142300,6.49,2014-12-18,15:03:02,00";
var hq_str_sh601288="农业银行,3.25,3.24,3.16,3.26,3.13,3.16,3.17,802369225,2558192386,385971,3.16,6138700,3.15,4460955,3.14,7205800,3.13,4677800,3.12,2391370,3.17,3798747,3.18,4293900,3.19,7215157,3.20,3702267,3.21,2014-12-18,15:03:02,00";
var hq_str_sh601299="中国北车,0.00,6.45,6.45,0.00,0.00,0.00,0.00,0,0,0,0.00,0,0.00,0,0.00,0,0.00,0,0.00,0,0.00,0,0.00,0,0.00,0,0.00,0,0.00,2014-12-18,15:03:02,03";
var hq_str_sh601318="中国平安,65.00,63.72,65.74,67.98,64.00,65.69,65.70,255141331,16846542395,100,65.69,900,65.68,500,65.67,5300,65.66,72100,65.65,200,65.70,10700,65.75,2700,65.78,39511,65.80,21700,65.81,2014-12-18,15:03:02,00";
var hq_str_sh601328="交通银行,6.24,6.15,6.07,6.25,5.95,6.08,6.09,649536733,3955284810,1492488,6.08,1834522,6.07,2132800,6.06,3666467,6.05,1352700,6.04,494630,6.09,163725,6.10,440820,6.11,1728513,6.12,827205,6.13,2014-12-18,15:03:02,00";
var hq_str_sh601333="广深铁路,4.30,4.30,4.33,4.49,4.16,4.32,4.33,199380780,858769762,404628,4.32,437800,4.31,1531700,4.30,210200,4.29,196200,4.28,210900,4.33,829801,4.34,563500,4.35,397100,4.36,387600,4.37,2014-12-18,15:03:02,00";
var hq_str_sh601336="新华保险,43.27,42.98,43.60,45.01,41.63,43.58,43.60,61106121,2671422819,5100,43.58,1793,43.57,2600,43.56,500,43.55,800,43.54,1900,43.60,41138,43.62,1000,43.63,900,43.64,27900,43.65,2014-12-18,15:03:02,00";
var hq_str_sh601377="兴业证券,15.85,16.20,15.02,15.97,14.92,15.01,15.02,304113508,4687861883,108600,15.01,664585,15.00,177600,14.99,319808,14.98,237400,14.97,48700,15.02,125417,15.04,233600,15.05,119600,15.06,7400,15.07,2014-12-18,15:03:02,00";
var hq_str_sh601390="中国中铁,7.65,7.65,8.29,8.39,7.49,8.29,8.30,684554477,5419173789,214200,8.29,534452,8.28,227054,8.27,650200,8.26,636589,8.25,697665,8.30,458800,8.31,768700,8.32,813000,8.33,632801,8.34,2014-12-18,15:03:02,00";
var hq_str_sh601398="工商银行,4.46,4.47,4.35,4.47,4.32,4.34,4.35,548007355,2403489540,2532700,4.34,2694800,4.33,2708300,4.32,3224000,4.31,8996100,4.30,1103278,4.35,753638,4.36,1236802,4.37,1427205,4.38,1889526,4.39,2014-12-18,15:03:02,00";
var hq_str_sh601555="东吴证券,21.75,22.43,20.28,21.99,20.20,20.29,20.30,113540787,2388255196,7500,20.29,140900,20.28,43194,20.27,51177,20.26,104900,20.25,1000,20.30,7300,20.31,4600,20.32,13000,20.33,16300,20.34,2014-12-18,15:03:02,00";
var hq_str_sh601600="中国铝业,5.09,5.09,5.27,5.42,5.06,5.27,5.28,234744403,1237114494,31990,5.27,576499,5.26,558874,5.25,123400,5.24,198300,5.23,720671,5.28,686500,5.29,2043921,5.30,348548,5.31,443500,5.32,2014-12-18,15:03:02,00";
var hq_str_sh601601="中国太保,26.80,26.67,26.80,27.79,26.41,26.79,26.80,110684241,2997365102,1200,26.79,165150,26.78,31688,26.77,37300,26.76,73900,26.75,700,26.80,1200,26.81,39176,26.83,15903,26.84,59800,26.85,2014-12-18,15:03:02,00";
var hq_str_sh601607="上海医药,16.00,15.99,16.01,16.10,15.90,16.01,16.02,19647598,314664770,200,16.01,10800,16.00,51400,15.99,26033,15.98,14300,15.97,83642,16.02,31600,16.03,11000,16.04,79882,16.05,26765,16.06,2014-12-18,15:03:02,00";
var hq_str_sh601618="中国中冶,4.16,4.20,4.62,4.62,4.06,4.62,0.00,807110991,3543636746,3481868,4.62,3105193,4.61,4129233,4.60,2275500,4.59,628446,4.58,0,0.00,0,0.00,0,0.00,0,0.00,0,0.00,2014-12-18,15:03:02,00";
var hq_str_sh601628="中国人寿,25.55,25.40,25.55,26.36,24.76,25.55,25.57,102664315,2643853612,64495,25.55,5031,25.54,172690,25.53,6000,25.52,89171,25.51,24970,25.57,67645,25.58,73970,25.59,77117,25.60,11200,25.61,2014-12-18,15:03:02,00";
var hq_str_sh601633="长城汽车,38.90,38.90,38.41,39.38,38.15,38.42,38.43,8704548,336964940,300,38.42,14113,38.40,6300,38.39,1200,38.38,6600,38.37,200,38.43,4863,38.44,1400,38.45,2800,38.46,3900,38.48,2014-12-18,15:03:02,00";
var hq_str_sh601668="中国建筑,6.00,6.02,6.25,6.46,5.92,6.25,6.26,1174475274,7270031889,261000,6.25,275002,6.24,813700,6.23,638200,6.22,1173000,6.21,2308017,6.26,1348881,6.27,1242290,6.28,825400,6.29,3984100,6.30,2014-12-18,15:03:02,00";
var hq_str_sh601669="中国电建,6.28,6.28,6.91,6.91,6.11,6.91,0.00,717376742,4764815257,299689,6.91,351800,6.90,516943,6.89,453600,6.88,229300,6.87,0,0.00,0,0.00,0,0.00,0,0.00,0,0.00,2014-12-18,15:03:02,00";
var hq_str_sh601688="华泰证券,24.16,25.04,22.87,24.51,22.66,22.85,22.86,277208107,6539211428,63423,22.85,19100,22.84,154000,22.83,26600,22.82,141200,22.81,1400,22.86,76700,22.87,2200,22.88,12400,22.89,161400,22.90,2014-12-18,15:03:02,00";
var hq_str_sh601699="潞安环能,11.29,11.27,11.28,11.66,11.21,11.27,11.28,46148801,527856402,40900,11.27,139800,11.26,68900,11.25,71300,11.24,43700,11.23,206560,11.28,91100,11.29,131800,11.30,25400,11.31,67000,11.32,2014-12-18,15:03:02,00";
var hq_str_sh601727="上海电气,7.30,7.21,7.77,7.89,7.12,7.77,7.78,201173895,1525023306,76960,7.77,214100,7.76,109871,7.75,46607,7.74,186300,7.73,269664,7.78,831154,7.79,1425400,7.80,670752,7.81,637113,7.82,2014-12-18,15:03:02,00";
var hq_str_sh601766="中国南车,0.00,5.80,5.80,0.00,0.00,0.00,0.00,0,0,0,0.00,0,0.00,0,0.00,0,0.00,0,0.00,0,0.00,0,0.00,0,0.00,0,0.00,0,0.00,2014-12-18,15:03:02,03";
var hq_str_sh601800="中国交建,12.31,12.16,13.01,13.33,11.80,13.02,13.03,257894742,3222233465,238200,13.02,334787,13.01,364422,13.00,113699,12.99,82600,12.98,54332,13.03,607200,13.04,224563,13.05,116185,13.06,48300,13.07,2014-12-18,15:03:02,00";
var hq_str_sh601808="中海油服,18.68,18.47,20.01,20.21,18.55,19.98,20.00,69293861,1335860438,1200,19.98,2503,19.96,7800,19.95,1600,19.92,4100,19.91,22300,20.00,5500,20.01,94200,20.02,17200,20.03,130468,20.04,2014-12-18,15:03:02,00";
var hq_str_sh601818="光大银行,4.45,4.38,4.23,4.45,4.18,4.23,4.24,850964778,3654752759,154800,4.23,1956900,4.22,1461800,4.21,5373400,4.20,1446900,4.19,3061474,4.24,2327728,4.25,598300,4.26,881398,4.27,1239600,4.28,2014-12-18,15:03:02,00";
var hq_str_sh601857="中国石油,9.85,9.78,9.79,10.07,9.66,9.79,9.80,214184415,2111464202,196000,9.79,176682,9.78,117600,9.77,332261,9.76,282700,9.75,182300,9.80,164200,9.81,287700,9.82,367875,9.83,584289,9.84,2014-12-18,15:03:02,00";
var hq_str_sh601866="中海集运,4.20,4.29,4.72,4.72,4.16,4.72,0.00,322862999,1458683082,32614300,4.72,253500,4.71,232200,4.70,124800,4.69,212700,4.68,0,0.00,0,0.00,0,0.00,0,0.00,0,0.00,2014-12-18,15:03:02,00";
var hq_str_sh601888="中国国旅,41.77,41.68,42.77,43.38,41.77,42.75,42.78,6959008,298124487,45709,42.75,1052,42.72,800,42.71,200,42.70,300,42.69,200,42.78,18100,42.79,140553,42.80,200,42.86,2000,42.87,2014-12-18,15:03:02,00";
var hq_str_sh601898="中煤能源,6.04,6.02,6.10,6.25,6.00,6.10,6.11,68759374,422438521,33827,6.10,203210,6.09,293800,6.08,182600,6.07,159900,6.06,186897,6.11,165200,6.12,81900,6.13,98515,6.14,533050,6.15,2014-12-18,15:03:02,00";
var hq_str_sh601899="紫金矿业,3.22,3.22,3.22,3.27,3.18,3.22,3.23,357951933,1158380037,591750,3.22,1976290,3.21,7225700,3.20,3510025,3.19,6417050,3.18,30800,3.23,2054746,3.24,4133054,3.25,9327519,3.26,16571114,3.27,2014-12-18,15:03:02,00";
var hq_str_sh601901="方正证券,14.90,15.49,14.18,15.09,14.15,14.18,14.19,347513441,5061462448,40500,14.18,201299,14.17,667500,14.16,1086796,14.15,200900,14.14,100600,14.19,468200,14.20,179600,14.21,104000,14.22,59400,14.23,2014-12-18,15:03:02,00";
var hq_str_sh601928="凤凰传媒,12.12,12.06,12.01,12.28,11.95,12.00,12.01,38699822,468622319,71900,12.00,37300,11.99,161967,11.98,34700,11.97,65926,11.96,1900,12.01,15407,12.02,23073,12.03,43900,12.04,175864,12.05,2014-12-18,15:03:02,00";
var hq_str_sh601929="吉视传媒,12.31,12.37,12.31,12.65,12.30,12.30,12.31,19239467,239660053,58224,12.30,30900,12.29,33000,12.28,4500,12.27,8100,12.26,23300,12.31,26100,12.33,20500,12.34,5461,12.35,4663,12.36,2014-12-18,15:03:02,00";
var hq_str_sh601933="永辉超市,9.14,9.15,9.20,9.32,9.11,9.19,9.20,36859910,339671675,207629,9.19,73601,9.18,49100,9.17,108970,9.16,225900,9.15,10000,9.20,67300,9.21,107704,9.22,77910,9.23,69800,9.24,2014-12-18,15:03:02,00";
var hq_str_sh601939="建设银行,5.99,5.94,5.76,6.00,5.70,5.76,5.77,440898335,2568914105,129663,5.76,1164452,5.75,835500,5.74,1046400,5.73,1002554,5.72,981408,5.77,662364,5.78,386677,5.79,921081,5.80,235361,5.81,2014-12-18,15:03:02,00";
var hq_str_sh601958="金钼股份,9.63,9.68,9.70,9.99,9.54,9.70,9.71,22387467,219884973,8093,9.70,52100,9.69,126255,9.68,6700,9.67,18600,9.66,17200,9.71,50581,9.72,13600,9.73,7600,9.74,25000,9.75,2014-12-18,15:03:02,00";
var hq_str_sh601988="中国银行,3.55,3.54,3.46,3.57,3.42,3.46,3.47,1019731348,3562903676,1952488,3.46,11060251,3.45,6888049,3.44,7475000,3.43,7669000,3.42,1263650,3.47,6420006,3.48,4041198,3.49,10225329,3.50,7831932,3.51,2014-12-18,15:03:02,00";
var hq_str_sh601989="中国重工,8.58,8.54,9.29,9.39,8.57,9.30,9.31,1201285106,10975222516,69400,9.30,98116,9.29,1090230,9.28,841000,9.27,668700,9.26,90362,9.31,164400,9.32,618160,9.33,372760,9.34,402240,9.35,2014-12-18,15:03:02,00";
var hq_str_sh601992="金隅股份,9.92,10.06,9.76,10.03,9.73,9.75,9.76,48213556,474360038,122500,9.75,147400,9.74,146195,9.73,292600,9.72,200900,9.71,10055,9.76,138867,9.77,92600,9.78,106100,9.79,244831,9.80,2014-12-18,15:03:02,00";
var hq_str_sh601998="中信银行,7.30,7.17,6.92,7.36,6.85,6.92,6.93,366613505,2586988435,55320,6.92,19700,6.91,402873,6.90,525100,6.89,1378147,6.88,123240,6.93,865100,6.94,195020,6.95,165794,6.96,247586,6.97,2014-12-18,15:03:02,00";
var hq_str_sh603000="人民网,46.35,46.67,46.57,47.79,46.15,46.53,46.55,9364928,440095887,3200,46.53,4300,46.52,17775,46.50,1000,46.49,300,46.48,7400,46.55,2600,46.58,300,46.59,8500,46.60,1000,46.61,2014-12-18,15:03:02,00";
var hq_str_sh603288="海天味业,40.17,40.19,40.41,41.00,40.03,40.40,40.43,2806161,113737179,1700,40.40,100,40.34,800,40.33,6000,40.32,7600,40.30,1000,40.43,11700,40.44,5300,40.45,4000,40.47,3900,40.48,2014-12-18,15:03:02,00";
var hq_str_sh603699="纽威股份,21.51,21.25,21.48,21.78,21.30,21.48,21.49,3911599,84280027,7800,21.48,1883,21.46,7900,21.45,8800,21.44,5600,21.43,5267,21.49,26600,21.50,1100,21.52,7900,21.53,10100,21.54,2014-12-18,15:03:02,00";
var hq_str_sh603993="洛阳钼业,9.07,9.07,9.26,9.48,8.99,9.25,9.26,28487684,264997783,54130,9.25,15200,9.24,15900,9.23,22900,9.22,7500,9.21,29071,9.26,116800,9.27,71600,9.28,72100,9.29,98200,9.30,2014-12-18,15:03:02,00";
